{"bismark-genomepreparation": {"runtime": {"min": 6.128, "max": 6.265, "distribution": {"name": "rdist", "params": [1.5504806356651624, 0.0013236200991527764, 0.0013236200991527767]}}, "input": {}, "output": {}}, "samplesheet-check": {"runtime": {"min": 1.89, "max": 2.126, "distribution": {"name": "rdist", "params": [1.5504806356651624, 0.0013236200991527764, 0.0013236200991527767]}}, "input": {}, "output": {}}, "fastqc": {"runtime": {"min": 5.123, "max": 6.42, "distribution": {"name": "arcsine", "params": [-0.2258070520586602, 1.2258070520586604]}}, "input": {}, "output": {}}, "trimgalore": {"runtime": {"min": 5.504, "max": 7.87, "distribution": {"name": "arcsine", "params": [-0.2258070520586602, 1.2258070520586604]}}, "input": {}, "output": {}}, "cat-fastq": {"runtime": {"min": 0.754, "max": 0.891, "distribution": {"name": "rdist", "params": [1.5504806356651624, 0.0013236200991527764, 0.0013236200991527767]}}, "input": {}, "output": {}}, "bismark-align": {"runtime": {"min": 6.501, "max": 19.034, "distribution": {"name": "argus", "params": [1.599540430972508, -0.5837001726177071, 1.7033104585411658]}}, "input": {}, "output": {}}, "bismark-deduplicate": {"runtime": {"min": 0.751, "max": 2.06, "distribution": {"name": "arcsine", "params": [-0.2258070520586602, 1.2258070520586604]}}, "input": {}, "output": {}}, "samtools-sort-aligned": {"runtime": {"min": 0.702, "max": 1.227, "distribution": {"name": "arcsine", "params": [-0.2258070520586602, 1.2258070520586604]}}, "input": {}, "output": {}}, "samtools-sort-deduplicated": {"runtime": {"min": 0.735, "max": 0.939, "distribution": {"name": "arcsine", "params": [-0.2258070520586602, 1.2258070520586604]}}, "input": {}, "output": {}}, "bismark-methylationextractor": {"runtime": {"min": 11.988, "max": 14.064, "distribution": {"name": "arcsine", "params": [-0.2258070520586602, 1.2258070520586604]}}, "input": {}, "output": {}}, "preseq-lcextrap": {"runtime": {"min": 0.72, "max": 1.129, "distribution": {"name": "argus", "params": [1.599540430972508, -0.5837001726177071, 1.7033104585411658]}}, "input": {}, "output": {}}, "qualimap-bamqc": {"runtime": {"min": 3.235, "max": 4.743, "distribution": {"name": "arcsine", "params": [-0.2258070520586602, 1.2258070520586604]}}, "input": {}, "output": {}}, "bismark-report": {"runtime": {"min": 0.934, "max": 1.314, "distribution": {"name": "arcsine", "params": [-0.2258070520586602, 1.2258070520586604]}}, "input": {}, "output": {}}, "bismark-summary": {"runtime": {"min": 0.937, "max": 1.118, "distribution": {"name": "rdist", "params": [1.5504806356651624, 0.0013236200991527764, 0.0013236200991527767]}}, "input": {}, "output": {}}, "custom-dumpsoftwareversions": {"runtime": {"min": 0.762, "max": 0.828, "distribution": {"name": "rdist", "params": [1.5504806356651624, 0.0013236200991527764, 0.0013236200991527767]}}, "input": {}, "output": {}}, "multiqc": {"runtime": {"min": 20.125, "max": 21.286, "distribution": {"name": "rdist", "params": [1.5504806356651624, 0.0013236200991527764, 0.0013236200991527767]}}, "input": {}, "output": {}}}