{"NFCORE_METHYLSEQ:METHYLSEQ:PREPARE_GENOME:BISMARK_GENOMEPREPARATION": {"runtime": {"min": 6.325, "max": 6.325, "distribution": {"name": "alpha", "params": [1.2778785050926098, 0.0026112519417539615, 1.016860859112349e-28]}}, "input": {}, "output": {}}, "NFCORE_METHYLSEQ:METHYLSEQ:INPUT_CHECK:SAMPLESHEET_CHECK": {"runtime": {"min": 0.847, "max": 1.99, "distribution": {"name": "rdist", "params": [1.5504806356651624, 0.0013236200991527764, 0.0013236200991527767]}}, "input": {}, "output": {}}, "NFCORE_METHYLSEQ:METHYLSEQ:FASTQC": {"runtime": {"min": 5.191, "max": 1057.188, "distribution": {"name": "rdist", "params": [1.5504806356651624, 0.0013236200991527764, 0.0013236200991527767]}}, "input": {}, "output": {}}, "NFCORE_METHYLSEQ:METHYLSEQ:TRIMGALORE": {"runtime": {"min": 5.702, "max": 4520.636, "distribution": {"name": "rdist", "params": [1.5504806356651624, 0.0013236200991527764, 0.0013236200991527767]}}, "input": {}, "output": {}}, "NFCORE_METHYLSEQ:METHYLSEQ:CAT_FASTQ": {"runtime": {"min": 0.683, "max": 0.683, "distribution": {"name": "alpha", "params": [1.2778785050926098, 0.0026112519417539615, 1.016860859112349e-28]}}, "input": {}, "output": {}}, "NFCORE_METHYLSEQ:METHYLSEQ:BISMARK:BISMARK_ALIGN": {"runtime": {"min": 6.502, "max": 42930.825, "distribution": {"name": "rdist", "params": [1.5504806356651624, 0.0013236200991527764, 0.0013236200991527767]}}, "input": {}, "output": {}}, "NFCORE_METHYLSEQ:METHYLSEQ:BISMARK:BISMARK_DEDUPLICATE": {"runtime": {"min": 1.064, "max": 2337.302, "distribution": {"name": "rdist", "params": [1.5504806356651624, 0.0013236200991527764, 0.0013236200991527767]}}, "input": {}, "output": {}}, "NFCORE_METHYLSEQ:METHYLSEQ:BISMARK:SAMTOOLS_SORT_ALIGNED": {"runtime": {"min": 0.972, "max": 783.26, "distribution": {"name": "rdist", "params": [1.5504806356651624, 0.0013236200991527764, 0.0013236200991527767]}}, "input": {}, "output": {}}, "NFCORE_METHYLSEQ:METHYLSEQ:PRESEQ_LCEXTRAP": {"runtime": {"min": 0.829, "max": 1733.402, "distribution": {"name": "rdist", "params": [1.5504806356651624, 0.0013236200991527764, 0.0013236200991527767]}}, "input": {}, "output": {}}, "NFCORE_METHYLSEQ:METHYLSEQ:BISMARK:SAMTOOLS_SORT_DEDUPLICATED": {"runtime": {"min": 1.015, "max": 469.588, "distribution": {"name": "rdist", "params": [1.5504806356651624, 0.0013236200991527764, 0.0013236200991527767]}}, "input": {}, "output": {}}, "NFCORE_METHYLSEQ:METHYLSEQ:BISMARK:BISMARK_METHYLATIONEXTRACTOR": {"runtime": {"min": 12.007, "max": 8659.59, "distribution": {"name": "rdist", "params": [1.5504806356651624, 0.0013236200991527764, 0.0013236200991527767]}}, "input": {}, "output": {}}, "NFCORE_METHYLSEQ:METHYLSEQ:QUALIMAP_BAMQC": {"runtime": {"min": 3.776, "max": 966.015, "distribution": {"name": "rdist", "params": [1.5504806356651624, 0.0013236200991527764, 0.0013236200991527767]}}, "input": {}, "output": {}}, "NFCORE_METHYLSEQ:METHYLSEQ:BISMARK:BISMARK_REPORT": {"runtime": {"min": 0.812, "max": 3.291, "distribution": {"name": "rdist", "params": [1.5504806356651624, 0.0013236200991527764, 0.0013236200991527767]}}, "input": {}, "output": {}}, "NFCORE_METHYLSEQ:METHYLSEQ:BISMARK:BISMARK_SUMMARY": {"runtime": {"min": 0.98, "max": 1.581, "distribution": {"name": "rdist", "params": [1.5504806356651624, 0.0013236200991527764, 0.0013236200991527767]}}, "input": {}, "output": {}}, "NFCORE_METHYLSEQ:METHYLSEQ:CUSTOM_DUMPSOFTWAREVERSIONS": {"runtime": {"min": 0.676, "max": 0.75, "distribution": {"name": "rdist", "params": [1.5504806356651624, 0.0013236200991527764, 0.0013236200991527767]}}, "input": {}, "output": {}}, "NFCORE_METHYLSEQ:METHYLSEQ:MULTIQC": {"runtime": {"min": 33.424, "max": 47.175, "distribution": {"name": "rdist", "params": [1.5504806356651624, 0.0013236200991527764, 0.0013236200991527767]}}, "input": {}, "output": {}}}