{"NFCORE_CHIPSEQ:CHIPSEQ:INPUT_CHECK:SAMPLESHEET_CHECK": {"runtime": {"min": 1.614, "max": 1.766, "distribution": {"name": "rdist", "params": [1.5504806356651624, 0.0013236200991527764, 0.0013236200991527767]}}, "input": {}, "output": {}}, "NFCORE_CHIPSEQ:CHIPSEQ:PREPARE_GENOME:GTF2BED": {"runtime": {"min": 2.009, "max": 7.888, "distribution": {"name": "rdist", "params": [1.5504806356651624, 0.0013236200991527764, 0.0013236200991527767]}}, "input": {}, "output": {}}, "NFCORE_CHIPSEQ:CHIPSEQ:PREPARE_GENOME:CUSTOM_GETCHROMSIZES": {"runtime": {"min": 1.122, "max": 11.62, "distribution": {"name": "rdist", "params": [1.5504806356651624, 0.0013236200991527764, 0.0013236200991527767]}}, "input": {}, "output": {}}, "NFCORE_CHIPSEQ:CHIPSEQ:PREPARE_GENOME:BWA_INDEX": {"runtime": {"min": 11.815, "max": 11.815, "distribution": {"name": "chi", "params": [0.26420645417310545, -2.2108235471129876e-29, 0.8816398532861629]}}, "input": {}, "output": {}}, "NFCORE_CHIPSEQ:CHIPSEQ:KHMER_UNIQUEKMERS": {"runtime": {"min": 3.156, "max": 3.156, "distribution": {"name": "alpha", "params": [1.2778785050926098, 0.0026112519417539615, 1.016860859112349e-28]}}, "input": {}, "output": {}}, "NFCORE_CHIPSEQ:CHIPSEQ:PREPARE_GENOME:GENOME_BLACKLIST_REGIONS": {"runtime": {"min": 1.731, "max": 1.848, "distribution": {"name": "rdist", "params": [1.5504806356651624, 0.0013236200991527764, 0.0013236200991527767]}}, "input": {}, "output": {}}, "NFCORE_CHIPSEQ:CHIPSEQ:FASTQC_TRIMGALORE:FASTQC": {"runtime": {"min": 7.371, "max": 754.318, "distribution": {"name": "beta", "params": [0.5117794837466619, 0.42563277015492496, -0.10084419652915574, 1.100844196529156]}}, "input": {}, "output": {}}, "NFCORE_CHIPSEQ:CHIPSEQ:FASTQC_TRIMGALORE:TRIMGALORE": {"runtime": {"min": 14.598, "max": 1723.358, "distribution": {"name": "beta", "params": [0.5117794837466619, 0.42563277015492496, -0.10084419652915574, 1.100844196529156]}}, "input": {}, "output": {}}, "NFCORE_CHIPSEQ:CHIPSEQ:ALIGN_BWA_MEM:BWA_MEM": {"runtime": {"min": 5.836, "max": 3896.478, "distribution": {"name": "beta", "params": [0.5117794837466619, 0.42563277015492496, -0.10084419652915574, 1.100844196529156]}}, "input": {}, "output": {}}, "NFCORE_CHIPSEQ:CHIPSEQ:ALIGN_BWA_MEM:BAM_SORT_SAMTOOLS:SAMTOOLS_SORT": {"runtime": {"min": 1.259, "max": 325.898, "distribution": {"name": "beta", "params": [0.5117794837466619, 0.42563277015492496, -0.10084419652915574, 1.100844196529156]}}, "input": {}, "output": {}}, "NFCORE_CHIPSEQ:CHIPSEQ:ALIGN_BWA_MEM:BAM_SORT_SAMTOOLS:SAMTOOLS_INDEX": {"runtime": {"min": 0.895, "max": 75.289, "distribution": {"name": "beta", "params": [0.5117794837466619, 0.42563277015492496, -0.10084419652915574, 1.100844196529156]}}, "input": {}, "output": {}}, "NFCORE_CHIPSEQ:CHIPSEQ:ALIGN_BWA_MEM:BAM_SORT_SAMTOOLS:BAM_STATS_SAMTOOLS:SAMTOOLS_IDXSTATS": {"runtime": {"min": 0.66, "max": 3.147, "distribution": {"name": "dweibull", "params": [4.684949401623147, 0.5527385085323299, 0.4709328160127139]}}, "input": {}, "output": {}}, "NFCORE_CHIPSEQ:CHIPSEQ:ALIGN_BWA_MEM:BAM_SORT_SAMTOOLS:BAM_STATS_SAMTOOLS:SAMTOOLS_FLAGSTAT": {"runtime": {"min": 1.645, "max": 76.764, "distribution": {"name": "beta", "params": [0.5117794837466619, 0.42563277015492496, -0.10084419652915574, 1.100844196529156]}}, "input": {}, "output": {}}, "NFCORE_CHIPSEQ:CHIPSEQ:ALIGN_BWA_MEM:BAM_SORT_SAMTOOLS:BAM_STATS_SAMTOOLS:SAMTOOLS_STATS": {"runtime": {"min": 1.623, "max": 247.603, "distribution": {"name": "beta", "params": [0.5117794837466619, 0.42563277015492496, -0.10084419652915574, 1.100844196529156]}}, "input": {}, "output": {}}, "NFCORE_CHIPSEQ:CHIPSEQ:PICARD_MERGESAMFILES": {"runtime": {"min": 3.592, "max": 6.059, "distribution": {"name": "arcsine", "params": [-0.1348734108898791, 1.1348734108898793]}}, "input": {}, "output": {}}, "NFCORE_CHIPSEQ:CHIPSEQ:MARK_DUPLICATES_PICARD:PICARD_MARKDUPLICATES": {"runtime": {"min": 11.556, "max": 2801.221, "distribution": {"name": "beta", "params": [0.5117794837466619, 0.42563277015492496, -0.10084419652915574, 1.100844196529156]}}, "input": {}, "output": {}}, "NFCORE_CHIPSEQ:CHIPSEQ:MARK_DUPLICATES_PICARD:SAMTOOLS_INDEX": {"runtime": {"min": 1.51, "max": 80.119, "distribution": {"name": "beta", "params": [0.5117794837466619, 0.42563277015492496, -0.10084419652915574, 1.100844196529156]}}, "input": {}, "output": {}}, "NFCORE_CHIPSEQ:CHIPSEQ:MARK_DUPLICATES_PICARD:BAM_STATS_SAMTOOLS:SAMTOOLS_STATS": {"runtime": {"min": 2.008, "max": 258.676, "distribution": {"name": "beta", "params": [0.5117794837466619, 0.42563277015492496, -0.10084419652915574, 1.100844196529156]}}, "input": {}, "output": {}}, "NFCORE_CHIPSEQ:CHIPSEQ:MARK_DUPLICATES_PICARD:BAM_STATS_SAMTOOLS:SAMTOOLS_IDXSTATS": {"runtime": {"min": 0.555, "max": 4.793, "distribution": {"name": "dgamma", "params": [35.44214291455569, 0.5562983430862478, 0.012873547994128369]}}, "input": {}, "output": {}}, "NFCORE_CHIPSEQ:CHIPSEQ:MARK_DUPLICATES_PICARD:BAM_STATS_SAMTOOLS:SAMTOOLS_FLAGSTAT": {"runtime": {"min": 2.334, "max": 78.821, "distribution": {"name": "beta", "params": [0.5117794837466619, 0.42563277015492496, -0.10084419652915574, 1.100844196529156]}}, "input": {}, "output": {}}, "NFCORE_CHIPSEQ:CHIPSEQ:FILTER_BAM_BAMTOOLS:BAM_FILTER": {"runtime": {"min": 4.348, "max": 1824.083, "distribution": {"name": "arcsine", "params": [-0.09543229502674613, 1.0954322950267463]}}, "input": {}, "output": {}}, "NFCORE_CHIPSEQ:CHIPSEQ:FILTER_BAM_BAMTOOLS:BAM_REMOVE_ORPHANS": {"runtime": {"min": 0.609, "max": 5.89, "distribution": {"name": "arcsine", "params": [-0.28712196762341097, 1.2871219676234111]}}, "input": {}, "output": {}}, "NFCORE_CHIPSEQ:CHIPSEQ:FILTER_BAM_BAMTOOLS:BAM_SORT_SAMTOOLS:SAMTOOLS_SORT": {"runtime": {"min": 1.346, "max": 197.243, "distribution": {"name": "dweibull", "params": [5.082558794092813, 0.5473787698382859, 0.4728381939121491]}}, "input": {}, "output": {}}, "NFCORE_CHIPSEQ:CHIPSEQ:FILTER_BAM_BAMTOOLS:BAM_SORT_SAMTOOLS:SAMTOOLS_INDEX": {"runtime": {"min": 1.421, "max": 55.617, "distribution": {"name": "arcsine", "params": [-0.13478596011814165, 1.1347859601181418]}}, "input": {}, "output": {}}, "NFCORE_CHIPSEQ:CHIPSEQ:PHANTOMPEAKQUALTOOLS": {"runtime": {"min": 6.451, "max": 1783.546, "distribution": {"name": "arcsine", "params": [-0.2258070520586602, 1.2258070520586604]}}, "input": {}, "output": {}}, "NFCORE_CHIPSEQ:CHIPSEQ:PICARD_COLLECTMULTIPLEMETRICS": {"runtime": {"min": 12.29, "max": 529.149, "distribution": {"name": "arcsine", "params": [-0.2258070520586602, 1.2258070520586604]}}, "input": {}, "output": {}}, "NFCORE_CHIPSEQ:CHIPSEQ:FILTER_BAM_BAMTOOLS:BAM_SORT_SAMTOOLS:BAM_STATS_SAMTOOLS:SAMTOOLS_IDXSTATS": {"runtime": {"min": 0.59, "max": 3.521, "distribution": {"name": "dgamma", "params": [54.40596705684081, 0.544752012698549, 0.00852177330642494]}}, "input": {}, "output": {}}, "NFCORE_CHIPSEQ:CHIPSEQ:FILTER_BAM_BAMTOOLS:BAM_SORT_SAMTOOLS:BAM_STATS_SAMTOOLS:SAMTOOLS_STATS": {"runtime": {"min": 2.244, "max": 200.473, "distribution": {"name": "arcsine", "params": [-0.13478596011814165, 1.1347859601181418]}}, "input": {}, "output": {}}, "NFCORE_CHIPSEQ:CHIPSEQ:FILTER_BAM_BAMTOOLS:BAM_SORT_SAMTOOLS:BAM_STATS_SAMTOOLS:SAMTOOLS_FLAGSTAT": {"runtime": {"min": 1.806, "max": 55.312, "distribution": {"name": "dweibull", "params": [5.082558794092813, 0.5473787698382859, 0.4728381939121491]}}, "input": {}, "output": {}}, "NFCORE_CHIPSEQ:CHIPSEQ:BEDTOOLS_GENOMECOV": {"runtime": {"min": 3.51, "max": 1536.375, "distribution": {"name": "rdist", "params": [1.5504806356651624, 0.0013236200991527764, 0.0013236200991527767]}}, "input": {}, "output": {}}, "NFCORE_CHIPSEQ:CHIPSEQ:MACS2_CALLPEAK": {"runtime": {"min": 4.055, "max": 146.626, "distribution": {"name": "rdist", "params": [1.5504806356651624, 0.0013236200991527764, 0.0013236200991527767]}}, "input": {}, "output": {}}, "NFCORE_CHIPSEQ:CHIPSEQ:DEEPTOOLS_PLOTFINGERPRINT": {"runtime": {"min": 14.706, "max": 16.829, "distribution": {"name": "rdist",