{"get_software_versions": {"runtime": {"min": 10.245, "max": 11.363, "distribution": {"name": "rdist", "params": [1.5504806356651624, 0.0013236200991527764, 0.0013236200991527767]}}, "input": {}, "output": {}}, "makeSeqDict": {"runtime": {"min": 3.36, "max": 10.224, "distribution": {"name": "rdist", "params": [1.5504806356651624, 0.0013236200991527764, 0.0013236200991527767]}}, "input": {}, "output": {}}, "makeBWAIndex": {"runtime": {"min": 1.362, "max": 667.545, "distribution": {"name": "rdist", "params": [1.5504806356651624, 0.0013236200991527764, 0.0013236200991527767]}}, "input": {}, "output": {}}, "makeFastaIndex": {"runtime": {"min": 1.298, "max": 5.176, "distribution": {"name": "rdist", "params": [1.5504806356651624, 0.0013236200991527764, 0.0013236200991527767]}}, "input": {}, "output": {}}, "output_documentation": {"runtime": {"min": 1.027, "max": 1.573, "distribution": {"name": "rdist", "params": [1.5504806356651624, 0.0013236200991527764, 0.0013236200991527767]}}, "input": {}, "output": {}}, "fastqc": {"runtime": {"min": 4.078, "max": 281.064, "distribution": {"name": "rdist", "params": [1.5504806356651624, 0.0013236200991527764, 0.0013236200991527767]}}, "input": {}, "output": {}}, "adapter_removal": {"runtime": {"min": 1.117, "max": 1039.187, "distribution": {"name": "rdist", "params": [1.5504806356651624, 0.0013236200991527764, 0.0013236200991527767]}}, "input": {}, "output": {}}, "fastqc_after_clipping": {"runtime": {"min": 3.948, "max": 139.834, "distribution": {"name": "rdist", "params": [1.5504806356651624, 0.0013236200991527764, 0.0013236200991527767]}}, "input": {}, "output": {}}, "bwa": {"runtime": {"min": 1.22, "max": 6779.645, "distribution": {"name": "rdist", "params": [1.5504806356651624, 0.0013236200991527764, 0.0013236200991527767]}}, "input": {}, "output": {}}, "samtools_flagstat": {"runtime": {"min": 1.352, "max": 22.637, "distribution": {"name": "rdist", "params": [1.5504806356651624, 0.0013236200991527764, 0.0013236200991527767]}}, "input": {}, "output": {}}, "markduplicates": {"runtime": {"min": 6.353, "max": 277.122, "distribution": {"name": "rdist", "params": [1.5504806356651624, 0.0013236200991527764, 0.0013236200991527767]}}, "input": {}, "output": {}}, "preseq": {"runtime": {"min": 2.195, "max": 69.165, "distribution": {"name": "rdist", "params": [1.5504806356651624, 0.0013236200991527764, 0.0013236200991527767]}}, "input": {}, "output": {}}, "endorSpy": {"runtime": {"min": 1.329, "max": 1.852, "distribution": {"name": "rdist", "params": [1.5504806356651624, 0.0013236200991527764, 0.0013236200991527767]}}, "input": {}, "output": {}}, "damageprofiler": {"runtime": {"min": 7.215, "max": 295.798, "distribution": {"name": "rdist", "params": [1.5504806356651624, 0.0013236200991527764, 0.0013236200991527767]}}, "input": {}, "output": {}}, "qualimap": {"runtime": {"min": 5.183, "max": 81.177, "distribution": {"name": "rdist", "params": [1.5504806356651624, 0.0013236200991527764, 0.0013236200991527767]}}, "input": {}, "output": {}}, "multiqc": {"runtime": {"min": 45.528, "max": 94.408, "distribution": {"name": "rdist", "params": [1.5504806356651624, 0.0013236200991527764, 0.0013236200991527767]}}, "input": {}, "output": {}}, "unzip_reference": {"runtime": {"min": 3.599, "max": 3.599, "distribution": {"name": "alpha", "params": [1.2778785050926098, 0.0026112519417539615, 1.016860859112349e-28]}}, "input": {}, "output": {}}, "lanemerge": {"runtime": {"min": 11.31, "max": 11.418, "distribution": {"name": "rdist", "params": [1.5504806356651624, 0.0013236200991527764, 0.0013236200991527767]}}, "input": {}, "output": {}}, "samtools_filter": {"runtime": {"min": 25.012, "max": 25.717, "distribution": {"name": "rdist", "params": [1.5504806356651624, 0.0013236200991527764, 0.0013236200991527767]}}, "input": {}, "output": {}}, "samtools_flagstat_after_filter": {"runtime": {"min": 7.237, "max": 7.345, "distribution": {"name": "rdist", "params": [1.5504806356651624, 0.0013236200991527764, 0.0013236200991527767]}}, "input": {}, "output": {}}, "genotyping_hc": {"runtime": {"min": 6125.29, "max": 6712.033, "distribution": {"name": "rdist", "params": [1.5504806356651624, 0.0013236200991527764, 0.0013236200991527767]}}, "input": {}, "output": {}}, "bcftools_stats": {"runtime": {"min": 25.575, "max": 26.105, "distribution": {"name": "rdist", "params": [1.5504806356651624, 0.0013236200991527764, 0.0013236200991527767]}}, "input": {}, "output": {}}}